﻿<?xml version="1.0" encoding="utf-8" ?>

<!-- 未完成です -->

<helpItems xmlns="http://msh" schema="maml">
  <command:command xmlns:maml="http://schemas.microsoft.com/maml/2004/10" xmlns:command="http://schemas.microsoft.com/maml/dev/command/2004/10" xmlns:dev="http://schemas.microsoft.com/maml/dev/2004/10" xmlns:MSHelp="http://msdn.microsoft.com/mshelp">
    <command:details>
      <command:name>Invoke-ScpDownload</command:name>
      <command:verb>Invoke</command:verb>
      <command:noun>ScpDownload</command:noun>
      <maml:description>
        <maml:para>SCPダウンロード</maml:para>
      </maml:description>
    </command:details>
    <maml:description>
      <maml:para>対象のSSHサーバからSCPを使用してファイルをダウンロード</maml:para>
    </maml:description>
    
    <command:syntax>
      <command:syntaxItem>
        <maml:name>Invoke-ScpDownload</maml:name>
        <command:parameter required="true" variableLength="false" globbing="false" pipelineInput="False" position="0" aliases="none">
          <maml:name>Server</maml:name>
          <maml:Description>
            <maml:para>SSH接続先サーバ</maml:para>
          </maml:Description>
          <command:parameterValue required="true" variableLength="false">SSH Server</command:parameterValue>
          <dev:type>
            <maml:name>SSH Server</maml:name>
            <maml:uri />
          </dev:type>
          <dev:defaultValue>None</dev:defaultValue>
        </command:parameter>
        <command:parameter required="false" variableLength="false" globbing="false" pipelineInput="False" position="named" aliases="none">
          <maml:name>Port</maml:name>
          <maml:Description>
            <maml:para>SSH接続先サーバのポート番号。デフォルト値: 22</maml:para>
          </maml:Description>
          <command:parameterValue required="false" variableLength="false">Port Number</command:parameterValue>
          <dev:type>
            <maml:name>Port Number</maml:name>
            <maml:uri />
          </dev:type>
          <dev:defaultValue>22</dev:defaultValue>
        </command:parameter>
        <command:parameter required="false" variableLength="false" globbing="false" pipelineInput="False" position="1" aliases="none">
          <maml:name>User</maml:name>
          <maml:Description>
            <maml:para>SSH接続時のユーザー</maml:para>
          </maml:Description>
          <command:parameterValue required="false" variableLength="false">UserName</command:parameterValue>
          <dev:type>
            <maml:name>UserName</maml:name>
            <maml:uri />
          </dev:type>
          <dev:defaultValue>None</dev:defaultValue>
        </command:parameter>
        <command:parameter required="false" variableLength="false" globbing="false" pipelineInput="False" position="2" aliases="none">
          <maml:name>Password</maml:name>
          <maml:Description>
            <maml:para>SSH接続用ユーザーのパスワード</maml:para>
          </maml:Description>
          <command:parameterValue required="false" variableLength="false">Password</command:parameterValue>
          <dev:type>
            <maml:name>Password</maml:name>
            <maml:uri />
          </dev:type>
          <dev:defaultValue>None</dev:defaultValue>
        </command:parameter>
        <command:parameter required="false" variableLength="false" globbing="false" pipelineInput="False" position="2" aliases="none">
          <maml:name>Credential</maml:name>
          <maml:Description>
            <maml:para>SSH接続用クレデンシャル情報</maml:para>
          </maml:Description>
          <command:parameterValue required="false" variableLength="false">Credential</command:parameterValue>
          <dev:type>
            <maml:name>Credential</maml:name>
            <maml:uri />
          </dev:type>
          <dev:defaultValue>None</dev:defaultValue>
        </command:parameter>
        <command:parameter required="false" variableLength="false" globbing="false" pipelineInput="False" position="named" aliases="none">
          <maml:name>KeyboardInteractive</maml:name>
          <maml:Description>
            <maml:para>キーボードインタラクティブ認証が必要な場合に使用</maml:para>
          </maml:Description>
          <command:parameterValue required="true" variableLength="false">is KeyboardInteractive</command:parameterValue>
          <dev:type>
            <maml:name>is KeyboardInteractive</maml:name>
            <maml:uri />
          </dev:type>
          <dev:defaultValue>None</dev:defaultValue>
        </command:parameter>
        <command:parameter required="true" variableLength="false" globbing="false" pipelineInput="False" position="named" aliases="none">
          <maml:name>RemotePath</maml:name>
          <maml:Description>
            <maml:para>(リモート側)SCPでダウンロードする対象ファイルへのパス</maml:para>
          </maml:Description>
          <command:parameterValue required="true" variableLength="false">Remote Path</command:parameterValue>
          <dev:type>
            <maml:name>Remote Path</maml:name>
            <maml:uri />
          </dev:type>
          <dev:defaultValue>None</dev:defaultValue>
        </command:parameter>
        <command:parameter required="true" variableLength="false" globbing="false" pipelineInput="False" position="named" aliases="none">
          <maml:name>LocalPath</maml:name>
          <maml:Description>
            <maml:para>(ローカル側)SCPダウンロード先のパス</maml:para>
          </maml:Description>
          <command:parameterValue required="true" variableLength="false">Local Path</command:parameterValue>
          <dev:type>
            <maml:name>Local Path</maml:name>
            <maml:uri />
          </dev:type>
          <dev:defaultValue>None</dev:defaultValue>
        </command:parameter>
      </command:syntaxItem>
    </command:syntax>
  </command:command>

  <command:command xmlns:maml="http://schemas.microsoft.com/maml/2004/10" xmlns:command="http://schemas.microsoft.com/maml/dev/command/2004/10" xmlns:dev="http://schemas.microsoft.com/maml/dev/2004/10" xmlns:MSHelp="http://msdn.microsoft.com/mshelp">
    <command:details>
      <command:name>Invoke-ScpUpload</command:name>
      <command:verb>Invoke</command:verb>
      <command:noun>ScpUpload</command:noun>
      <maml:description>
        <maml:para>SCPアップロード</maml:para>
      </maml:description>
    </command:details>
    <maml:description>
      <maml:para>対象のSSHサーバにSCPを使用してファイルをアップロード</maml:para>
    </maml:description>
    <command:syntax>
      <command:syntaxItem>
        <maml:name>Invoke-ScpUpload</maml:name>
      </command:syntaxItem>
      <command:parameter required="true" variableLength="false" globbing="false" pipelineInput="False" position="0" aliases="none">
        <maml:name>Server</maml:name>
        <maml:Description>
          <maml:para>SSH接続先サーバ</maml:para>
        </maml:Description>
        <command:parameterValue required="true" variableLength="false">SSH Server</command:parameterValue>
        <dev:type>
          <maml:name>SSH Server</maml:name>
          <maml:uri />
        </dev:type>
        <dev:defaultValue>None</dev:defaultValue>
      </command:parameter>
      <command:parameter required="false" variableLength="false" globbing="false" pipelineInput="False" position="named" aliases="none">
        <maml:name>Port</maml:name>
        <maml:Description>
          <maml:para>SSH接続先サーバのポート番号。デフォルト値: 22</maml:para>
        </maml:Description>
        <command:parameterValue required="false" variableLength="false">Port Number</command:parameterValue>
        <dev:type>
          <maml:name>Port Number</maml:name>
          <maml:uri />
        </dev:type>
        <dev:defaultValue>22</dev:defaultValue>
      </command:parameter>
      <command:parameter required="false" variableLength="false" globbing="false" pipelineInput="False" position="1" aliases="none">
        <maml:name>User</maml:name>
        <maml:Description>
          <maml:para>SSH接続時のユーザー</maml:para>
        </maml:Description>
        <command:parameterValue required="false" variableLength="false">UserName</command:parameterValue>
        <dev:type>
          <maml:name>UserName</maml:name>
          <maml:uri />
        </dev:type>
        <dev:defaultValue>None</dev:defaultValue>
      </command:parameter>
      <command:parameter required="false" variableLength="false" globbing="false" pipelineInput="False" position="2" aliases="none">
        <maml:name>Password</maml:name>
        <maml:Description>
          <maml:para>SSH接続用ユーザーのパスワード</maml:para>
        </maml:Description>
        <command:parameterValue required="false" variableLength="false">Password</command:parameterValue>
        <dev:type>
          <maml:name>Password</maml:name>
          <maml:uri />
        </dev:type>
        <dev:defaultValue>None</dev:defaultValue>
      </command:parameter>
      <command:parameter required="false" variableLength="false" globbing="false" pipelineInput="False" position="2" aliases="none">
        <maml:name>Credential</maml:name>
        <maml:Description>
          <maml:para>SSH接続用クレデンシャル情報</maml:para>
        </maml:Description>
        <command:parameterValue required="false" variableLength="false">Credential</command:parameterValue>
        <dev:type>
          <maml:name>Credential</maml:name>
          <maml:uri />
        </dev:type>
        <dev:defaultValue>None</dev:defaultValue>
      </command:parameter>
      <command:parameter required="false" variableLength="false" globbing="false" pipelineInput="False" position="named" aliases="none">
        <maml:name>KeyboardInteractive</maml:name>
        <maml:Description>
          <maml:para>キーボードインタラクティブ認証が必要な場合に使用</maml:para>
        </maml:Description>
        <command:parameterValue required="true" variableLength="false">is KeyboardInteractive</command:parameterValue>
        <dev:type>
          <maml:name>is KeyboardInteractive</maml:name>
          <maml:uri />
        </dev:type>
        <dev:defaultValue>None</dev:defaultValue>
      </command:parameter>
      <command:parameter required="true" variableLength="false" globbing="false" pipelineInput="False" position="named" aliases="none">
        <maml:name>RemotePath</maml:name>
        <maml:Description>
          <maml:para>(リモート側)SCPでアップロードするファイルのパス</maml:para>
        </maml:Description>
        <command:parameterValue required="true" variableLength="false">Remote Path</command:parameterValue>
        <dev:type>
          <maml:name>Remote Path</maml:name>
          <maml:uri />
        </dev:type>
        <dev:defaultValue>None</dev:defaultValue>
      </command:parameter>
      <command:parameter required="true" variableLength="false" globbing="false" pipelineInput="False" position="named" aliases="none">
        <maml:name>LocalPath</maml:name>
        <maml:Description>
          <maml:para>(ローカル側)SCPでアップロードする対象のファイルのパス</maml:para>
        </maml:Description>
        <command:parameterValue required="true" variableLength="false">Local Path</command:parameterValue>
        <dev:type>
          <maml:name>Local Path</maml:name>
          <maml:uri />
        </dev:type>
        <dev:defaultValue>None</dev:defaultValue>
      </command:parameter>
    </command:syntax>
  </command:command>
  
  <command:command xmlns:maml="http://schemas.microsoft.com/maml/2004/10" xmlns:command="http://schemas.microsoft.com/maml/dev/command/2004/10" xmlns:dev="http://schemas.microsoft.com/maml/dev/2004/10" xmlns:MSHelp="http://msdn.microsoft.com/mshelp">
    <command:details>
      <command:name>Invoke-SshCommand</command:name>
      <command:verb>Invoke</command:verb>
      <command:noun>SshCommand</command:noun>
      <maml:description>
        <maml:para>SSHコマンド実行</maml:para>
      </maml:description>
    </command:details>
    <maml:description>
      <maml:para>対象のSSHサーバ宛にSSH接続してコマンドを実行</maml:para>
    </maml:description>
    <command:syntax>
      <command:syntaxItem>
        <maml:name>Invoke-SshCommand</maml:name>
      </command:syntaxItem>
      <command:parameter required="true" variableLength="false" globbing="false" pipelineInput="False" position="0" aliases="none">
        <maml:name>Server</maml:name>
        <maml:Description>
          <maml:para>SSH接続先サーバ</maml:para>
        </maml:Description>
        <command:parameterValue required="true" variableLength="false">SSH Server</command:parameterValue>
        <dev:type>
          <maml:name>SSH Server</maml:name>
          <maml:uri />
        </dev:type>
        <dev:defaultValue>None</dev:defaultValue>
      </command:parameter>
      <command:parameter required="false" variableLength="false" globbing="false" pipelineInput="False" position="named" aliases="none">
        <maml:name>Port</maml:name>
        <maml:Description>
          <maml:para>SSH接続先サーバのポート番号。デフォルト値: 22</maml:para>
        </maml:Description>
        <command:parameterValue required="false" variableLength="false">Port Number</command:parameterValue>
        <dev:type>
          <maml:name>Port Number</maml:name>
          <maml:uri />
        </dev:type>
        <dev:defaultValue>22</dev:defaultValue>
      </command:parameter>
      <command:parameter required="false" variableLength="false" globbing="false" pipelineInput="False" position="1" aliases="none">
        <maml:name>User</maml:name>
        <maml:Description>
          <maml:para>SSH接続時のユーザー</maml:para>
        </maml:Description>
        <command:parameterValue required="false" variableLength="false">UserName</command:parameterValue>
        <dev:type>
          <maml:name>UserName</maml:name>
          <maml:uri />
        </dev:type>
        <dev:defaultValue>None</dev:defaultValue>
      </command:parameter>
      <command:parameter required="false" variableLength="false" globbing="false" pipelineInput="False" position="2" aliases="none">
        <maml:name>Password</maml:name>
        <maml:Description>
          <maml:para>SSH接続用ユーザーのパスワード</maml:para>
        </maml:Description>
        <command:parameterValue required="false" variableLength="false">Password</command:parameterValue>
        <dev:type>
          <maml:name>Password</maml:name>
          <maml:uri />
        </dev:type>
        <dev:defaultValue>None</dev:defaultValue>
      </command:parameter>
      <command:parameter required="false" variableLength="false" globbing="false" pipelineInput="False" position="2" aliases="none">
        <maml:name>Credential</maml:name>
        <maml:Description>
          <maml:para>SSH接続用クレデンシャル情報</maml:para>
        </maml:Description>
        <command:parameterValue required="false" variableLength="false">Credential</command:parameterValue>
        <dev:type>
          <maml:name>Credential</maml:name>
          <maml:uri />
        </dev:type>
        <dev:defaultValue>None</dev:defaultValue>
      </command:parameter>
      <command:parameter required="false" variableLength="false" globbing="false" pipelineInput="False" position="named" aliases="none">
        <maml:name>KeyboardInteractive</maml:name>
        <maml:Description>
          <maml:para>キーボードインタラクティブ認証が必要な場合に使用</maml:para>
        </maml:Description>
        <command:parameterValue required="true" variableLength="false">is KeyboardInteractive</command:parameterValue>
        <dev:type>
          <maml:name>is KeyboardInteractive</maml:name>
          <maml:uri />
        </dev:type>
        <dev:defaultValue>None</dev:defaultValue>
      </command:parameter>
      <command:parameter required="true" variableLength="false" globbing="false" pipelineInput="False" position="named" aliases="none">
        <maml:name>Command</maml:name>
        <maml:Description>
          <maml:para>SSH接続して実行するコマンド</maml:para>
        </maml:Description>
        <command:parameterValue required="true" variableLength="false">SSH Command</command:parameterValue>
        <dev:type>
          <maml:name>SSH Command</maml:name>
          <maml:uri />
        </dev:type>
        <dev:defaultValue>None</dev:defaultValue>
      </command:parameter>
      <command:parameter required="false" variableLength="false" globbing="false" pipelineInput="False" position="named" aliases="none">
        <maml:name>Output</maml:name>
        <maml:Description>
          <maml:para>SSHコマンド結果を出力するファイル</maml:para>
        </maml:Description>
        <command:parameterValue required="true" variableLength="false">Command Output File</command:parameterValue>
        <dev:type>
          <maml:name>Command Output File</maml:name>
          <maml:uri />
        </dev:type>
        <dev:defaultValue>None</dev:defaultValue>
      </command:parameter>
    </command:syntax>
  </command:command>

  
  
  <command:command xmlns:maml="http://schemas.microsoft.com/maml/2004/10" xmlns:command="http://schemas.microsoft.com/maml/dev/command/2004/10" xmlns:dev="http://schemas.microsoft.com/maml/dev/2004/10" xmlns:MSHelp="http://msdn.microsoft.com/mshelp">
    <command:details>
      <command:name>Optimize-LogGeneration</command:name>
      <command:verb>Optimize</command:verb>
      <command:noun>LogGeneration</command:noun>
      <maml:description>
        <maml:para>古い世代のログ削除</maml:para>
      </maml:description>
    </command:details>
    <maml:description>
      <maml:para>対象フォルダーから、指定世代以上古いファイル/フォルダー、指定日時より古いファイル/フォルダーを削除</maml:para>
    </maml:description>

    <command:syntax>
      <command:syntaxItem>
        <maml:name>Optimize-LogGeneration</maml:name>
      </command:syntaxItem>
      <command:parameter required="true" variableLength="false" globbing="false" pipelineInput="False" position="0" aliases="Path">
        <maml:name>TargetDirectory</maml:name>
        <maml:Description>
          <maml:para>SSH接続して実行するコマンド</maml:para>
        </maml:Description>
        <command:parameterValue required="true" variableLength="false">Target Log Saved Directory</command:parameterValue>
        <dev:type>
          <maml:name>Target Log Saved Directory</maml:name>
          <maml:uri />
        </dev:type>
        <dev:defaultValue>None</dev:defaultValue>
      </command:parameter>
      
      
      
    </command:syntax>
    
  </command:command>
  
</helpItems>